group,level,n,auc,acc,ap
Ethnicity,Unknown,9764,0.5313783222871242,0.5321589512494879,0.5458834380506535
Ethnicity,Non-Hispanic,7076,0.5107842316928046,0.5925664217071792,0.6068340477284284
Ethnicity,Hispanic/Latinx,1626,0.5341410467853569,0.593480934809348,0.6114013975616759
Ethnicity,Asian,476,0.5317460317460317,0.5462184873949579,0.5614166425014382
Race,Caucasian,8464,0.5154267894744201,0.5765595463137996,0.5812625168040552
Race,Unknown,6221,0.5265684191314105,0.5341584954187429,0.5485702671308076
Race,African American,2028,0.5310319024219899,0.5744575936883629,0.614072811557869
Race,Other,1322,0.5305584534921478,0.5552193645990923,0.5690851805595514
Race,Asian,907,0.5423186660216603,0.5644983461962514,0.5971205324266917
